"COMID","PRISMPrecipWs","PRECIPVC","PrecipDiff","PrecipMean","AbsDiff"
10848664,907.963873377898,907.97986322,0.0159898421019307,907.971868298949,0.0159898421019307
10848666,908.009233464942,908.02523505,0.0160015850580066,908.017234257471,0.0160015850580066
10848680,907.919414761798,907.93539289,0.0159781282019367,907.927403825899,0.0159781282019367
10848684,907.962205451182,907.9781937,0.0159882488180756,907.970199575591,0.0159882488180756
10848688,908.011637645939,908.0276399,0.0160022540610498,908.01963877297,0.0160022540610498
10848690,908.01310703674,908.02910973,0.0160026932600204,908.02110838337,0.0160026932600204
10849982,901.968485540789,901.9831932,0.0147076592110125,901.975839370394,0.0147076592110125
10849990,901.963625767929,901.97833217,0.0147064020710559,901.970978968965,0.0147064020710559
10849992,901.961402849577,901.9761087,0.0147058504230699,901.968755774789,0.0147058504230699
10850006,901.953193876735,901.9678976,0.0147037232650291,901.960545738368,0.0147037232650291
10850010,901.952311820476,901.96701532,0.0147034995241029,901.959663570238,0.0147034995241029
10850014,901.860706599153,901.87538795,0.0146813508470132,901.868047274576,0.0146813508470132
10850018,901.949240820702,901.96394351,0.0147026892979056,901.956592165351,0.0147026892979056
10850022,902.080323080122,902.09468008,0.0143569998780322,902.087501580061,0.0143569998780322
10850030,902.08007147499,902.09442841,0.0143569350100279,902.087249942495,0.0143569350100279
10850032,902.079184876374,902.09354159,0.0143567136259435,902.086363233187,0.0143567136259435
10850036,901.936334919104,901.95103427,0.0146993508959667,901.943684594552,0.0146993508959667
10850038,901.836927494193,901.85160277,0.0146752758070079,901.844265132097,0.0146752758070079
10850040,901.817143097876,901.83181333,0.01467023212399,901.824478213938,0.01467023212399
10850044,901.935660034262,901.95035921,0.0146991757379737,901.943009622131,0.0146991757379737
10850050,901.816167304311,901.83083728,0.014669975689003,901.823502292155,0.014669975689003
10850052,901.816142252289,901.83081222,0.0146699677110291,901.823477236145,0.0146699677110291
10850054,901.816257452331,901.83092746,0.0146700076689967,901.823592456165,0.0146700076689967
10850058,901.816067093436,901.83073704,0.0146699465639131,901.823402066718,0.0146699465639131
10850228,907.917090913407,907.93306843,0.0159775165928977,907.925079671704,0.0159775165928977
10850230,907.895880039207,907.91185187,0.0159718307929779,907.903865954603,0.0159718307929779
10850232,907.949250639523,907.96523552,0.0159848804769354,907.957243079761,0.0159848804769354
10850240,902.554578607412,902.56942829,0.0148496825879647,902.562003448706,0.0148496825879647
10850242,907.531863109714,907.54774032,0.0158772102860212,907.539801714857,0.0158772102860212
10850244,902.554342816689,902.56919243,0.0148496133109575,902.561767623344,0.0148496133109575
10850250,902.479824487971,902.49465553,0.0148310420290727,902.487240008986,0.0148310420290727
10850252,902.479607879581,902.49443887,0.0148309904191137,902.487023374791,0.0148309904191137
10850256,901.983108084909,901.99781942,0.0147113350910786,901.990463752455,0.0147113350910786
10850258,901.981776588726,901.9964876,0.0147110112739028,901.989132094363,0.0147110112739028
10850262,901.972476263555,901.98718493,0.0147086664449034,901.979830596777,0.0147086664449034
10850264,901.971386879423,901.98609527,0.0147083905769705,901.978741074711,0.0147083905769705
10850266,901.9713716162,901.98608003,0.0147084138000082,901.9787258231,0.0147084138000082
10850268,901.968250100233,901.9829577,0.0147075997668935,901.975603900117,0.0147075997668935
10850272,901.9674846838,901.98219207,0.0147073862000298,901.9748383769,0.0147073862000298
10850274,901.966264066668,901.98097115,0.0147070833319276,901.973617608334,0.0147070833319276
10850278,901.867162460208,901.88184542,0.0146829597920259,901.874503940104,0.0146829597920259
10850280,901.866811053295,901.88149392,0.0146828667050158,901.874152486648,0.0146828667050158
10850282,901.952149853054,901.96685331,0.0147034569459947,901.959501581527,0.0147034569459947
10850284,901.865354151674,901.88003665,0.0146824983260103,901.872695400837,0.0146824983260103
10850286,901.851484721422,901.86616365,0.0146789285779505,901.858824185711,0.0146789285779505
10850288,901.860512038688,901.87519334,0.0146813013120664,901.867852689344,0.0146813013120664
10850290,902.068638101973,902.08299213,0.0143540280271282,902.075815115987,0.0143540280271282
10850292,901.934631900432,901.94933079,0.0146988895679669,901.941981345216,0.0146988895679669
10850310,907.550544294943,907.5664261,0.0158818050568925,907.558485197472,0.0158818050568925
10850312,907.531869642889,907.5477468,0.0158771571110492,907.539808221444,0.0158771571110492
10850314,907.55038255927,907.56626433,0.0158817707299477,907.558323444635,0.0158817707299477
10850316,901.873367970599,901.8880525,0.0146845294010518,901.8807102353,0.0146845294010518
10850320,901.934701764309,901.94940069,0.0146989256910501,901.942051227154,0.0146989256910501
10850322,902.034658044055,902.04900349,0.0143454459449686,902.041830767027,0.0143454459449686
10850326,902.076557127443,902.09091315,0.0143560225569672,902.083735138722,0.0143560225569672
10850328,902.079900171631,902.09425706,0.0143568883688658,902.087078615815,0.0143568883688658
10850330,902.079043022564,902.09339969,0.0143566674360045,902.086221356282,0.0143566674360045
10850332,902.084335347478,902.09869336,0.0143580125220524,902.091514353739,0.0143580125220524
10850334,902.086560355238,902.10091894,0.0143585847619079,902.093739647619,0.0143585847619079
10850338,901.936304634171,901.95100398,0.0146993458289444,901.943654307086,0.0146993458289444
10850340,901.837833243359,901.85250875,0.0146755066409696,901.845170996679,0.0146755066409696
10850342,901.835796142872,901.85047111,0.0146749671280304,901.843133626436,0.0146749671280304
10850344,901.818044600541,901.83271507,0.0146704694589062,901.82537983527,0.0146704694589062
10850346,901.835953662601,901.85062869,0.0146750273989937,901.8432911763,0.0146750273989937
10850348,901.837996422808,901.85267197,0.0146755471919278,901.845334196404,0.0146755471919278
10850350,901.839526516333,901.85420247,0.0146759536670515,901.846864493167,0.0146759536670515
10850392,901.829368632962,901.84404193,0.0146732970380299,901.836705281481,0.0146732970380299
10850394,901.832143522371,901.84681755,0.0146740276289847,901.839480536185,0.0146740276289847
10851378,901.980490240871,901.99520092,0.0147106791291662,901.987845580436,0.0147106791291662
10851382,907.531856097047,907.54773325,0.0158771529529531,907.539794673523,0.0158771529529531
10851384,902.076538368181,902.09089439,0.014356021819026,902.08371637909,0.014356021819026
12211174,837.356861490446,837.33329949,-0.0235620004459633,837.345080490223,0.0235620004459633
12211186,889.705180483653,889.69792327,-0.0072572136529061,889.701551876826,0.0072572136529061
12211188,888.708554619324,888.70135969,-0.0071949293239868,888.704957154662,0.0071949293239868
12211192,837.643368893675,837.61963176,-0.0237371336748993,837.631500326838,0.0237371336748993
12211194,838.141281647136,838.11725511,-0.0240265371360238,838.129268378568,0.0240265371360238
12211196,842.122151183208,842.094509,-0.027642183207945,842.108330091604,0.027642183207945
12211200,839.377627331162,839.35294986,-0.0246774711620219,839.365288595581,0.0246774711620219
12211202,838.727958727053,838.70362318,-0.0243355470529423,838.715790953526,0.0243355470529423
12211204,838.723322726053,838.69898966,-0.0243330660530319,838.711156193026,0.0243330660530319
12211206,846.374846814601,846.34295627,-0.0318905446010831,846.3589015423,0.0318905446010831
12211208,849.378333160018,849.34272043,-0.0356127300178741,849.360526795009,0.0356127300178741
12211212,849.127170132108,849.09193561,-0.0352345221079986,849.109552871054,0.0352345221079986
12211216,849.60190933979,849.56590197,-0.0360073697900134,849.583905654895,0.0360073697900134
12211220,849.760440813618,849.7231551,-0.0372857136179618,849.741797956809,0.0372857136179618
12211224,849.791229488416,849.75436957,-0.0368599184159848,849.772799529208,0.0368599184159848
12211228,849.585524562541,849.54751214,-0.0380124225409872,849.56651835127,0.0380124225409872
12211232,849.571294295464,849.53322946,-0.0380648354639561,849.552261877732,0.0380648354639561
13189062,794.463866597744,794.54603167,0.0821650722559752,794.504949133872,0.0821650722559752
13189064,794.464218153643,794.54638248,0.0821643263570877,794.505300316821,0.0821643263570877
13189066,794.463973130502,794.54613798,0.0821648494979854,794.505055555251,0.0821648494979854
13189068,794.464718843559,794.54688212,0.0821632764409514,794.505800481779,0.0821632764409514
13189072,794.464324684486,794.54648879,0.082164105514039,794.505406737243,0.082164105514039
13189080,794.464836024454,794.54699906,0.082163035545932,794.505917542227,0.082163035545932
13189082,794.466325673317,794.54848557,0.0821598966830379,794.507405621659,0.0821598966830379
13189102,794.531670380956,794.61369297,0.0820225890439588,794.572681675478,0.0820225890439588
13189114,794.495216770482,794.57731683,0.0821000595180976,794.536266800241,0.0821000595180976
13189116,794.480550886701,794.56268157,0.0821306832989421,794.52161622835,0.0821306832989421
13189118,794.493779866518,794.57588285,0.0821029834820592,794.534831358259,0.0821029834820592
13189124,794.497982570405,794.580077,0.0820944295950312,794.539029785203,0.0820944295950312
13189156,794.494924550022,794.57702522,0.0821006699781037,794.535974885011,0.0821006699781037
13189158,794.494176944563,794.57627913,0.0821021854369519,794.535228037282,0.0821021854369519
13189224,794.978504862701,795.05961409,0.0811092272989526,795.019059476351,0.0811092272989526
13189242,794.984425190522,795.06552326,0.0810980694781165,795.024974225261,0.0810980694781165
13189244,794.98516281334,795.06625937,0.0810965566599862,795.02571109167,0.0810965566599862
13189294,794.986516200534,795.06761062,0.0810944194661261,795.027063410267,0.0810944194661261
13189296,794.990146339615,795.07123705,0.0810907103850695,795.030691694808,0.0810907103850695
13189304,794.989088784877,795.07018125,0.0810924651229925,795.029635017439,0.0810924651229925
13189306,794.989109291489,795.07020173,0.0810924385110638,795.029655510745,0.0810924385110638
13189308,794.988444092081,795.06953718,0.0810930879190437,795.02899063604,0.0810930879190437
13189316,794.994331182663,795.07541847,0.0810872873370272,795.034874826332,0.0810872873370272
13189356,795.508748722771,795.58952767,0.0807789472289642,795.549138196385,0.0807789472289642
13189366,795.502789067042,795.58357817,0.080789102957965,795.543183618521,0.080789102957965
13189370,795.553181655939,795.63390161,0.08071995406101,795.59354163297,0.08071995406101
13189378,795.55776363829,795.6384789,0.0807152617099973,795.598121269145,0.0807152617099973
13189386,795.578154363592,795.65884951,0.0806951464079475,795.618501936796,0.0806951464079475
13189388,795.637587271184,795.71822488,0.0806376088161187,795.677906075592,0.0806376088161187
13189390,795.681994128082,795.76258825,0.0805941219180113,795.722291189041,0.0805941219180113
13189392,795.687055425969,795.76764362,0.0805881940310655,795.727349522984,0.0805881940310655
13189398,795.896219530296,795.97660803,0.0803884997040996,795.936413780148,0.0803884997040996
13189520,795.988646086485,796.06708206,0.0784359735149565,796.027864073242,0.0784359735149565
13189522,794.473566183408,794.5557112,0.0821450165918804,794.514638691704,0.0821450165918804
13189524,795.900667673084,795.97929512,0.0786274469161299,795.939981396542,0.0786274469161299
13189526,794.492235659578,794.57434268,0.0821070204219723,794.533289169789,0.0821070204219723
13189528,794.820486897098,794.90192324,0.0814363429020659,794.861205068549,0.0814363429020659
13189530,794.990610646615,795.07167399,0.0810633433850398,795.031142318308,0.0810633433850398
13189532,794.819311241141,794.90075013,0.0814388888588837,794.86003068557,0.0814388888588837
13189534,794.492641004874,794.57474632,0.0821053151260003,794.533693662437,0.0821053151260003
13189536,794.493511217333,794.57561475,0.0821035326670199,794.534562983667,0.0821035326670199
13189540,794.532558571809,794.61457931,0.0820207381909768,794.573568940904,0.0820207381909768
13189542,794.795701004733,794.87718976,0.0814887552670598,794.836445382366,0.0814887552670598
13189546,794.502838402925,794.58492283,0.0820844270749603,794.543880616463,0.0820844270749603
13189552,798.751496933161,798.82329515,0.0717982168390563,798.78739604158,0.0717982168390563
13189564,795.209946320498,795.29057337,0.0806270495020271,795.250259845249,0.0806270495020271
13189566,794.996554763633,795.07763438,0.081079616366992,795.037094571816,0.081079616366992
13189568,794.984707503287,795.065805,0.0810974967129141,795.025256251643,0.0810974967129141
13189572,805.315151972005,805.36143509,0.0462831179950172,805.338293531002,0.0462831179950172
13189576,795.550794782809,795.63151741,0.0807226271908803,795.591156096404,0.0807226271908803
13189580,795.556621096619,795.63733447,0.0807133733810588,795.59697778331,0.0807133733810588
13189582,795.022528038415,795.10358666,0.0810586215850435,795.063057349207,0.0810586215850435
13189584,795.252012856547,795.33256502,0.0805521634530351,795.292288938273,0.0805521634530351
13189586,805.353941168383,805.40015852,0.0462173516169742,805.377049844192,0.0462173516169742
13189588,796.694726437648,796.77367952,0.0789530823519726,796.734202978824,0.0789530823519726
13189590,795.146983781658,795.2279244,0.0809406183419696,795.187454090829,0.0809406183419696
13189592,796.088612629066,796.16881288,0.0802002509340127,796.128712754533,0.0802002509340127
13189594,796.981225924939,797.05990648,0.0786805550610552,797.02056620247,0.0786805550610552
13189596,797.607223822477,797.68601476,0.0787909375229674,797.646619291238,0.0787909375229674
13189598,805.730762069955,805.77651075,0.0457486800451079,805.753636409978,0.0457486800451079
13189602,808.390470535821,808.43396296,0.0434924241790213,808.412216747911,0.0434924241790213
13189660,794.46215134046,794.54432001,0.0821686695400103,794.50323567523,0.0821686695400103
13189662,794.464346971035,794.54651103,0.0821640589649633,794.505429000517,0.0821640589649633
13189664,794.464633743204,794.5467972,0.0821634567960245,794.505715471602,0.0821634567960245
13189666,794.465220446618,794.54738267,0.0821622233819426,794.506301558309,0.0821622233819426
13189668,794.458436285743,794.54061275,0.0821764642570315,794.499524517872,0.0821764642570315
13189670,794.461823356764,794.54399294,0.0821695832361229,794.502908148382,0.0821695832361229
13189672,794.468243894973,794.55040003,0.0821561350269349,794.509321962487,0.0821561350269349
13189674,794.469218074363,794.55137218,0.0821541056370734,794.510295127182,0.0821541056370734
13189676,794.467403988706,794.54956165,0.0821576612939907,794.508482819353,0.0821576612939907
13189678,794.470415977166,794.55256757,0.0821515928339522,794.511491773583,0.0821515928339522
13189680,795.019305219826,795.10030604,0.0810008201739265,795.059805629913,0.0810008201739265
13189682,794.993299096018,795.07435657,0.081057473982014,795.033827833009,0.081057473982014
13189692,794.992121785817,795.07318184,0.0810600541831263,795.032651812909,0.0810600541831263
13189694,794.992719848181,795.07377859,0.0810587418189925,795.033249219091,0.0810587418189925
13189698,794.488638467956,794.57075197,0.0821135020439669,794.529695218978,0.0821135020439669
13189700,794.476743421939,794.55888189,0.082138468061089,794.517812655969,0.082138468061089
13189702,794.501794681538,794.58388228,0.082087598462067,794.542838480769,0.082087598462067
13189704,794.479376375344,794.56150945,0.0821330746559852,794.520442912672,0.0821330746559852
13189706,794.480034988271,794.56216672,0.082131731728964,794.521100854136,0.082131731728964
13189708,794.479332467051,794.56146563,0.0821331629490487,794.520399048526,0.0821331629490487
13189710,794.498169005768,794.58026305,0.0820940442321216,794.539216027884,0.0820940442321216
13189712,794.51579006679,794.5978495,0.08205943321002,794.556819783395,0.08205943321002
13189714,794.493571452093,794.57567486,0.0821034079070841,794.534623156047,0.0821034079070841
13189718,794.493491426021,794.57559499,0.0821035639788761,794.534543208011,0.0821035639788761
13189720,794.492912797253,794.57501755,0.0821047527471137,794.533965173626,0.0821047527471137
13189726,797.348988380145,797.42410232,0.0751139398549867,797.386545350073,0.0751139398549867
13189728,796.644225391075,796.72099562,0.0767702289250565,796.682610505537,0.0767702289250565
13189732,798.43709588637,798.50956803,0.072472143629966,798.473331958185,0.072472143629966
13189736,794.960460519804,795.04160626,0.081145740196007,795.001033389902,0.081145740196007
13189740,794.962737384971,795.0438783,0.0811409150290956,795.003307842486,0.0811409150290956
13189742,794.957880927807,795.03903185,0.0811509221930464,794.998456388903,0.0811509221930464
13189744,794.955504443423,795.03666022,0.0811557765770203,794.996082331711,0.0811557765770203
13189746,794.914821789894,794.99606184,0.0812400501060893,794.955441814947,0.0812400501060893
13189748,794.856119496289,794.9374803,0.0813608037110498,794.896799898145,0.0813608037110498
13189750,795.498426900239,795.57922459,0.0807976897609706,795.53882574512,0.0807976897609706
13189754,795.508847741573,795.5896265,0.080778758426959,795.549237120787,0.080778758426959
13189756,795.53097529437,795.61172438,0.0807490856299182,795.571349837185,0.0807490856299182
13189758,795.512539752834,795.59331342,0.0807736671661132,795.552926586417,0.0807736671661132
13189762,795.502910158781,795.58369902,0.0807888612190482,795.543304589391,0.0807888612190482
13189764,795.501136159433,795.58192852,0.0807923605668748,795.541532339716,0.0807923605668748
13189768,795.501070082359,795.58186257,0.0807924876409061,795.541466326179,0.0807924876409061
13189774,795.501004026497,795.58179665,0.0807926235030436,795.541400338248,0.0807926235030436
13189776,795.499208945614,795.5800051,0.0807961543860074,795.539607022807,0.0807961543860074
13189778,795.52955634531,795.61030824,0.0807518946900245,795.569932292655,0.0807518946900245
13189790,795.541088395342,795.62182181,0.0807334146579706,795.581455102671,0.0807334146579706
13189792,795.539516861787,795.62025209,0.0807352282130296,795.579884475894,0.0807352282130296
13189794,795.536338733186,795.61707992,0.0807411868139525,795.576709326593,0.0807411868139525
13189802,795.194829370004,795.27548792,0.0806585499960875,795.235158645002,0.0806585499960875
13189804,795.177014762575,795.25770913,0.0806943674249396,795.217361946287,0.0806943674249396
13189808,794.973866257106,795.0549849,0.0811186428940118,795.014425578553,0.0811186428940118
13189810,794.988211087368,795.06930031,0.0810892226320448,795.028755698684,0.0810892226320448
13189812,794.988570554251,795.0696601,0.0810895457490233,795.029115327126,0.0810895457490233
13189814,794.988862560375,795.06995146,0.0810888996250014,795.029407010187,0.0810888996250014
13189818,794.978011930124,795.05912217,0.0811102398760113,795.018567050062,0.0811102398760113
13189820,794.977100994863,795.05821309,0.0811120951370867,795.017657042432,0.0811120951370867
13189822,794.986329246487,795.06742343,0.0810941835130734,795.026876338243,0.0810941835130734
13189826,794.978160406248,795.05927034,0.0811099337519181,795.018715373124,0.0811099337519181
13189830,794.983077690049,795.06417853,0.0811008399510911,795.023628110024,0.0811008399510911
13189832,794.98407121636,795.06517002,0.0810988036399749,795.02462061818,0.0810988036399749
13189834,794.983609117593,795.06470887,0.081099752406999,795.024158993797,0.081099752406999
13189836,794.984484546599,795.0655825,0.081097953401013,795.025033523299,0.081097953401013
13189842,794.985374766911,795.06647089,0.0810961230889689,795.025922828456,0.0810961230889689
13189844,794.98625127144,795.06734624,0.0810949685600235,795.02679875572,0.0810949685600235
13189846,795.003602614771,795.08467963,0.0810770152289706,795.044141122386,0.0810770152289706
13189848,794.994286286015,795.07537355,0.0810872639848412,795.034829918008,0.0810872639848412
13189850,795.038935820077,795.11997934,0.0810435199230142,795.079457580038,0.0810435199230142
13189852,794.988155419036,795.06924879,0.081093370963913,795.028702104518,0.081093370963913
13189854,794.992224948595,795.07331431,0.0810893614050201,795.032769629297,0.0810893614050201
13189860,795.016460514111,795.09752632,0.0810658058890112,795.056993417056,0.0810658058890112
13189862,794.992158184218,795.07324761,0.0810894257818973,795.032702897109,0.0810894257818973
13189864,794.987554892993,795.06864886,0.0810939670069502,795.028101876497,0.0810939670069502
13189866,794.991692413718,795.0727823,0.0810898862819158,795.032237356859,0.0810898862819158
13189868,794.987087570429,795.068182,0.0810944295709533,795.027634785215,0.0810944295709533
13189870,794.985596287784,795.06669217,0.0810958822160046,795.026144228892,0.0810958822160046
13189872,794.984982651013,795.06607958,0.0810969289869945,795.025531115507,0.0810969289869945
13189904,795.507958359932,795.58873886,0.0807805000680446,795.548348609966,0.0807805000680446
13189906,795.508057412002,795.58883772,0.0807803079979976,795.548447566001,0.0807803079979976
13189908,795.507473723615,795.58825518,0.0807814563850116,795.547864451808,0.0807814563850116
13189910,795.556652203716,795.63736761,0.0807154062839572,795.597009906858,0.0807154062839572
13189912,795.563897617035,795.64460627,0.0807086529649723,795.604251943518,0.0807086529649723
13189914,795.586593831524,795.66728015,0.080686318475955,795.626936990762,0.080686318475955
13189916,795.885078156981,795.96527018,0.0801920230189808,795.92517416849,0.0801920230189808
13189918,795.760992955647,795.84130954,0.0803165843528859,795.801151247823,0.0803165843528859
13189920,796.0802003499,796.16041274,0.0802123901000868,796.12030654495,0.0802123901000868
13189922,795.550756578754,795.63147925,0.0807226712460078,795.591117914377,0.0807226712460078
13189924,795.551940885447,795.63266222,0.0807213345530045,795.592301552723,0.0807213345530045
13189926,795.556181793712,795.63689878,0.0807169862880528,795.596540286856,0.0807169862880528
13189928,795.57724823271,795.65794436,0.0806961272900253,795.617596296355,0.0806961272900253
13189930,795.635893195849,795.71653261,0.0806394141509372,795.676212902924,0.0806394141509372
13189932,795.6524450388,795.73306856,0.080623521199982,795.6927567994,0.080623521199982
13189934,795.651551239971,795.73217309,0.0806218500289333,795.691862164985,0.0806218500289333
13189936,795.693507583502,795.7740886,0.0805810164979448,795.733798091751,0.0805810164979448
13189938,795.636014417019,795.7166537,0.0806392829809965,795.67633405851,0.0806392829809965
13189942,795.556507442464,795.63722406,0.0807166175360408,795.596865751232,0.0807166175360408
13189946,795.680526316071,795.76112237,0.0805960539289572,795.720824343035,0.0805960539289572
13189948,795.68601893814,795.76660854,0.0805896018599697,795.72631373907,0.0805896018599697
13189950,795.695897773945,795.77647611,0.0805783360549412,795.736186941973,0.0805783360549412
13189952,795.916864023895,795.9972301,0.0803660761050651,795.957047061947,0.0803660761050651
13189954,795.896057257348,795.97644595,0.0803886926520363,795.936251603674,0.0803886926520363
13189956,795.686146507815,795.76673593,0.0805894221849712,795.726441218907,0.0805894221849712
13189958,795.895070742003,795.97546062,0.0803898779969359,795.935265681002,0.0803898779969359
13189960,795.680919070286,795.76151461,0.0805955397140679,795.721216840143,0.0805955397140679
13189962,796.343582721382,796.42287748,0.0792947586180617,796.383230100691,0.0792947586180617
13189972,795.494729420437,795.5755343,0.0808048795629475,795.535131860218,0.0808048795629475
13189974,795.775598519635,795.85589992,0.0803014003649878,795.815749219817,0.0803014003649878
13189976,795.810215333843,795.89048209,0.0802667561570161,795.850348711921,0.0802667561570161
13189984,805.918455203219,805.963908,0.0454527967809781,805.94118160161,0.0454527967809781
13189986,794.691569283946,794.77327814,0.0817088560539787,794.732423711973,0.0817088560539787
13190016,795.507991409473,795.58877185,0.0807804405270645,795.548381629736,0.0807804405270645
13190018,806.280412567268,806.32534648,0.0449339127320627,806.302879523634,0.0449339127320627
13190020,799.224256938763,799.3008905,0.0766335612369176,799.262573719381,0.0766335612369176
13190022,799.263854936337,799.34045344,0.0765985036630354,799.302154188169,0.0765985036630354
13190024,794.827170416436,794.90859258,0.0814221635639569,794.867881498218,0.0814221635639569
13190238,808.463971442728,808.50738089,0.0434094472719835,808.485676166364,0.0434094472719835
13190240,908.265878132148,908.2819543,0.0160761678520203,908.273916216074,0.0160761678520203
13190242,908.014007588025,908.03001055,0.0160029619750048,908.022009069012,0.0160029619750048
13191106,794.984367967153,795.06546616,0.0810981928469801,795.024917063577,0.0810981928469801
13191138,794.835989571205,794.91739238,0.0814028087949055,794.876690975603,0.0814028087949055
13191192,794.714591485315,794.79625247,0.0816609846849587,794.755421977658,0.0816609846849587
13191204,795.28195496148,795.362468,0.0805130385199391,795.32221148074,0.0805130385199391
13191206,795.307379300686,795.38785946,0.0804801593141065,795.347619380343,0.0804801593141065
13191208,795.528337272239,795.60851434,0.0801770677609284,795.568425806119,0.0801770677609284
13191214,796.525340404879,796.60239966,0.0770592551209575,796.563870032439,0.0770592551209575
13191216,796.13391808266,796.21201914,0.0781010573400636,796.17296861133,0.0781010573400636
13191218,796.063738749958,796.14200491,0.0782661600419488,796.102871829979,0.0782661600419488
13191220,796.020343652886,796.09870906,0.0783654071138926,796.059526356443,0.0783654071138926
13191222,795.989501600026,796.06793568,0.0784340799739311,796.028718640013,0.0784340799739311
13191224,796.887922722745,796.96409312,0.0761703972550549,796.926007921373,0.0761703972550549
13191226,797.229436830907,797.30481342,0.0753765890929117,797.267125125454,0.0753765890929117
13191228,794.977047487741,795.05815969,0.081112202259078,795.017603588871,0.081112202259078
13191230,796.405066063907,796.48429927,0.0792332060930221,796.444682666954,0.0792332060930221
13191232,796.425961306503,796.50517171,0.0792104034969725,796.465566508252,0.0792104034969725
13196000,782.368772762387,782.51381756,0.145044797612968,782.441295161193,0.145044797612968
13196004,782.629279045206,782.77217784,0.14289879479395,782.700728442603,0.14289879479395
13196010,784.640137840401,784.7780673,0.137929459598922,784.7091025702,0.137929459598922
13196016,786.305308314799,786.43795958,0.132651265200934,786.371633947399,0.132651265200934
13196020,792.751475796961,792.83783793,0.0863621330389606,792.79465686348,0.0863621330389606
13196024,793.427423314887,793.51164618,0.0842228651129062,793.469534747444,0.0842228651129062
13196028,794.129157534655,794.21209624,0.0829387053449864,794.170626887327,0.0829387053449864
13196034,798.054667163702,830.18699219,32.1323250262981,814.120829676851,32.1323250262981
15502695,983.689011063018,982.27437929,-1.41463177301796,982.981695176509,1.41463177301796
15502697,984.569179650491,983.24066299,-1.328516660491,983.904921320246,1.328516660491
15502711,1011.61142973197,996.01044762,-15.60098211197,1003.81093867598,15.60098211197
15502715,1010.65047864267,993.59546412,-17.05501452267,1002.12297138133,17.05501452267
15502719,1006.14721045961,971.81820164,-34.32900881961,988.982706049805,34.32900881961
15502723,1003.07549788794,963.1150996,-39.9603982879399,983.09529874397,39.9603982879399
15502727,995.069129146292,940.60148438,-54.467644766292,967.835306763146,54.467644766292
15567833,992.323369222862,989.03786772,-3.28550150286185,990.680618471431,3.28550150286185
15567983,971.192837879935,970.94703471,-0.245803169935016,971.069936294968,0.245803169935016
15567987,971.310679427344,971.06447278,-0.246206647343911,971.187576103672,0.246206647343911
15567989,967.258759480704,967.02634754,-0.232411940704083,967.142553510352,0.232411940704083
15567993,971.528095356501,971.28108929,-0.247006066501058,971.40459232325,0.247006066501058
15567997,971.670746357104,971.42303794,-0.247708417103922,971.546892148552,0.247708417103922
15568003,988.191015909569,985.43085501,-2.76016089956909,986.810935459785,2.76016089956909
15568007,972.248856314684,971.99668212,-0.252174194683903,972.122769217342,0.252174194683903
15568009,990.280448828621,987.36231871,-2.91813011862109,988.821383769311,2.91813011862109
15568011,990.28870725839,987.36982561,-2.91888164838997,988.829266434195,2.91888164838997
15568015,992.645707414751,989.38288492,-3.26282249475094,991.014296167376,3.26282249475094
15568091,992.302013516095,989.01774567,-3.28426784609508,990.659879593047,3.28426784609508
15568093,990.867232396762,987.66649036,-3.20074203676199,989.266861378381,3.20074203676199
15568107,960.146706254035,960.01383006,-0.13287619403502,960.080268157018,0.13287619403502
15568109,960.285321655432,960.15227362,-0.133048035431898,960.218797637716,0.133048035431898
15568113,967.185495265548,966.95330939,-0.232185875547884,967.069402327774,0.232185875547884
15568119,986.207451716582,984.75856495,-1.44888676658195,985.483008333291,1.44888676658195
15568121,986.385163351115,984.93339923,-1.45176412111493,985.659281290558,1.45176412111493
15568125,990.823585308741,987.62477367,-3.19881163874106,989.22417948937,3.19881163874106
15568127,988.809711991255,987.31235715,-1.49735484125495,988.061034570627,1.49735484125495
15568129,986.959209694909,985.49798949,-1.46122020490895,986.228599592454,1.46122020490895
15568131,990.77889787204,987.5820551,-3.19684277203999,989.18047648602,3.19684277203999
15568135,960.303577142421,960.17050481,-0.133072332420966,960.23704097621,0.133072332420966
15568139,985.782643131924,984.34052797,-1.44211516192411,985.061585550962,1.44211516192411
15568141,960.199676322089,960.06673653,-0.132939792088905,960.133206426045,0.132939792088905
15568143,959.715975042994,959.58358472,-0.132390322993956,959.649779881497,0.132390322993956
15568145,959.497381871474,959.36522287,-0.132159001473951,959.431302370737,0.132159001473951
15568147,959.368849670756,959.23682193,-0.13202774075603,959.302835800378,0.13202774075603
15568149,991.262152612058,989.66939557,-1.592757042058,990.465774091029,1.592757042058
15568783,993.608469872686,990.24260189,-3.36586798268604,991.925535881343,3.36586798268604
15568799,993.910823316777,990.52288738,-3.38793593677701,992.216855348389,3.38793593677701
15568855,994.087760587208,990.68639635,-3.40136423720799,992.387078468604,3.40136423720799
15568857,994.567053525831,991.12601687,-3.441036655831,992.846535197916,3.441036655831
15569791,993.463643474709,990.12439666,-3.33924681470899,991.794020067354,3.33924681470899
15569793,994.811449718323,991.34787486,-3.463574858323,993.079662289162,3.463574858323
15569797,994.874683933641,991.40496321,-3.46972072364099,993.13982357182,3.46972072364099
15569799,996.060938765493,992.46172276,-3.59921600549308,994.261330762746,3.59921600549308
15569803,996.344631263284,992.71541748,-3.62921378328394,994.530024371642,3.62921378328394
15569809,996.630100760107,992.96828855,-3.66181221010697,994.799194655053,3.66181221010697
15569901,992.36585247869,989.28143977,-3.08441270869002,990.823646124345,3.08441270869002
15569903,997.201191394981,993.46507505,-3.73611634498104,995.33313322249,3.73611634498104
15569905,1003.45771869771,998.00495438,-5.45276431771003,1000.73133653885,5.45276431771003
15569907,1003.35711979082,997.92490924,-5.43221055081995,1000.64101451541,5.43221055081995
15571657,996.561960502693,992.90819775,-3.65376275269296,994.735079126346,3.65376275269296
15571659,993.269783603772,991.56155792,-1.70822568377196,992.415670761886,1.70822568377196
15571665,970.661541720429,970.41808906,-0.243452660428943,970.539815390214,0.243452660428943
25293180,976.566401277914,975.92680348,-0.639597797914007,976.246602378957,0.639597797914007
25293184,1025.74094062698,1025.4962409,-0.244699726980116,1025.61859076349,0.244699726980116
25293186,1024.51558594452,1024.27409295,-0.241492994519831,1024.39483944726,0.241492994519831
25293188,1023.02753865133,1022.79153683,-0.236001821330092,1022.90953774066,0.236001821330092
25293196,1025.84741644663,1025.60239654,-0.245019906629977,1025.72490649331,0.245019906629977
25293202,1021.88220576569,1021.65010519,-0.232100575689969,1021.76615547784,0.232100575689969
25293206,978.960825739135,978.27420439,-0.686621349135066,978.617515064567,0.686621349135066
25293208,978.904648767842,978.22228518,-0.682363587841905,978.563466973921,0.682363587841905
25293222,978.739234417724,978.06458521,-0.674649207724087,978.401909813862,0.674649207724087
25293230,978.364863169172,977.70339396,-0.661469209172083,978.034128564586,0.661469209172083
25293232,978.339770018287,977.67900629,-0.660763728287066,978.009388154143,0.660763728287066
25293234,978.055345249046,977.40014021,-0.655205039046109,977.727742729523,0.655205039046109
25293236,977.863587808999,977.21118592,-0.652401888999066,977.537386864499,0.652401888999066
25293246,1028.34742389026,1028.0971672,-0.250256690259903,1028.22229554513,0.250256690259903
25293270,1027.51220467881,1027.26351768,-0.248686998809944,1027.3878611794,0.248686998809944
25293272,1027.35838272953,1027.10998599,-0.248396739529881,1027.23418435977,0.248396739529881
25293274,1027.27986195961,1027.03161769,-0.248244269609813,1027.15573982481,0.248244269609813
25293294,1027.15412314837,1026.90613371,-0.247989438370041,1027.03012842918,0.247989438370041
25293296,1026.73800197405,1026.49081915,-0.247182824049787,1026.61441056203,0.247182824049787
25293298,1026.64128953895,1026.39432554,-0.24696399895015,1026.51780753948,0.24696399895015
25293306,1026.52389325042,1026.27722067,-0.246672580420181,1026.40055696021,0.246672580420181
25293322,984.207531154165,982.91560665,-1.29192450416508,983.561568902083,1.29192450416508
25293324,984.109494324204,982.87260616,-1.23688816420395,983.491050242102,1.23688816420395
25293330,984.000317985871,982.76934097,-1.23097701587096,983.384829477935,1.23097701587096
25293332,983.797114924174,982.57569776,-1.221417164174,983.186406342087,1.221417164174
25293350,983.340245722623,982.1414996,-1.19874612262299,982.740872661311,1.19874612262299
25293362,980.530643506124,979.70604421,-0.824599296124006,980.118343858062,0.824599296124006
25293364,980.322936509282,979.5150647,-0.807871809282119,979.919000604641,0.807871809282119
25293366,979.530209134731,978.75973433,-0.770474804730952,979.144971732366,0.770474804730952
25293386,978.970494440123,978.28308119,-0.687413250123086,978.626787815062,0.687413250123086
25293390,1021.550117536,1021.31884364,-0.231273896000062,1021.434480588,0.231273896000062
25293394,1020.18074354001,1019.95695202,-0.223791520009968,1020.06884778,0.223791520009968
25293398,1020.02270789196,1019.79927893,-0.223428961959939,1019.91099341098,0.223428961959939
25293402,1020.0076606971,1019.78426667,-0.223394027099971,1019.89596368355,0.223394027099971
25293406,1018.00130340318,1017.78429425,-0.217009153180129,1017.89279882659,0.217009153180129
25293410,1041.16879267738,1041.00241404,-0.166378637379921,1041.08560335869,0.166378637379921
25823892,891.249061514121,891.2416992,-0.00736231412099642,891.24538035706,0.00736231412099642
25823896,895.255466366445,895.24779803,-0.00766833644502185,895.251632198223,0.00766833644502185
26917654,901.898139131358,901.91282983,0.0146906986419708,901.905484480679,0.0146906986419708
26917656,901.961293567225,901.97599939,0.0147058227751131,901.968646478613,0.0147058227751131
30833944,961.896587200371,961.76051664,-0.136070560370968,961.828551920185,0.136070560370968
166764011,902.080530109559,902.09488718,0.0143570704408376,902.087708644779,0.0143570704408376
166764012,902.080755228312,902.09511236,0.0143571316880298,902.087933794156,0.0143571316880298
166764013,902.07619966888,902.09055563,0.0143559611200317,902.08337764944,0.0143559611200317
166764151,984.836739477359,935.13132996,-49.7054095173589,959.984034718679,49.7054095173589
166764152,985.009315354981,930.15550781,-54.853807544981,957.582411582491,54.853807544981
166764154,990.216354182481,987.30495353,-2.91140065248101,988.760653856241,2.91140065248101
904020528,833.938902226616,833.52347656,-0.415425666616102,833.731189393308,0.415425666616102
904020529,827.493518411184,827.44042685,-0.0530915611841465,827.466972630592,0.0530915611841465
904020533,829.195860656553,829.14575053,-0.0501101265530224,829.170805593277,0.0501101265530224
904090018,795.132138439791,795.2129247,0.0807862602090381,795.172531569895,0.0807862602090381
904090019,794.974589241297,795.05570583,0.0811165887029119,795.015147535649,0.0811165887029119
904120016,961.855796159013,961.71980856,-0.135987599013106,961.787802359506,0.135987599013106
904120017,960.933061035977,960.79895532,-0.134105715976943,960.866008177989,0.134105715976943
904120018,961.835763822157,961.6998175,-0.135946322156883,961.767790661079,0.135946322156883
